1,"hamilton",44,"HAM","Lewis","Hamilton","1985-01-07","British","http://en.wikipedia.org/wiki/Lewis_Hamilton"
2,"heidfeld",\N,"HEI","Nick","Heidfeld","1977-05-10","German","http://en.wikipedia.org/wiki/Nick_Heidfeld"
3,"rosberg",6,"ROS","Nico","Rosberg","1985-06-27","German","http://en.wikipedia.org/wiki/Nico_Rosberg"
4,"alonso",14,"ALO","Fernando","Alonso","1981-07-29","Spanish","http://en.wikipedia.org/wiki/Fernando_Alonso"
5,"kovalainen",\N,"KOV","Heikki","Kovalainen","1981-10-19","Finnish","http://en.wikipedia.org/wiki/Heikki_Kovalainen"
6,"nakajima",\N,"NAK","Kazuki","Nakajima","1985-01-11","Japanese","http://en.wikipedia.org/wiki/Kazuki_Nakajima"
7,"bourdais",\N,"BOU","Sébastien","Bourdais","1979-02-28","French","http://en.wikipedia.org/wiki/S%C3%A9bastien_Bourdais"
8,"raikkonen",7,"RAI","Kimi","Räikkönen","1979-10-17","Finnish","http://en.wikipedia.org/wiki/Kimi_R%C3%A4ikk%C3%B6nen"
9,"kubica",88,"KUB","Robert","Kubica","1984-12-07","Polish","http://en.wikipedia.org/wiki/Robert_Kubica"
10,"glock",\N,"GLO","Timo","Glock","1982-03-18","German","http://en.wikipedia.org/wiki/Timo_Glock"
11,"sato",\N,"SAT","Takuma","Sato","1977-01-28","Japanese","http://en.wikipedia.org/wiki/Takuma_Sato"
12,"piquet_jr",\N,"PIQ","Nelson","Piquet Jr.","1985-07-25","Brazilian","http://en.wikipedia.org/wiki/Nelson_Piquet,_Jr."
13,"massa",19,"MAS","Felipe","Massa","1981-04-25","Brazilian","http://en.wikipedia.org/wiki/Felipe_Massa"
14,"coulthard",\N,"COU","David","Coulthard","1971-03-27","British","http://en.wikipedia.org/wiki/David_Coulthard"
15,"trulli",\N,"TRU","Jarno","Trulli","1974-07-13","Italian","http://en.wikipedia.org/wiki/Jarno_Trulli"
16,"sutil",99,"SUT","Adrian","Sutil","1983-01-11","German","http://en.wikipedia.org/wiki/Adrian_Sutil"
17,"webber",\N,"WEB","Mark","Webber","1976-08-27","Australian","http://en.wikipedia.org/wiki/Mark_Webber"
18,"button",22,"BUT","Jenson","Button","1980-01-19","British","http://en.wikipedia.org/wiki/Jenson_Button"
19,"davidson",\N,"DAV","Anthony","Davidson","1979-04-18","British","http://en.wikipedia.org/wiki/Anthony_Davidson"
20,"vettel",5,"VET","Sebastian","Vettel","1987-07-03","German","http://en.wikipedia.org/wiki/Sebastian_Vettel"
21,"fisichella",\N,"FIS","Giancarlo","Fisichella","1973-01-14","Italian","http://en.wikipedia.org/wiki/Giancarlo_Fisichella"
22,"barrichello",\N,"BAR","Rubens","Barrichello","1972-05-23","Brazilian","http://en.wikipedia.org/wiki/Rubens_Barrichello"
23,"ralf_schumacher",\N,"SCH","Ralf","Schumacher","1975-06-30","German","http://en.wikipedia.org/wiki/Ralf_Schumacher"
24,"liuzzi",\N,"LIU","Vitantonio","Liuzzi","1980-08-06","Italian","http://en.wikipedia.org/wiki/Vitantonio_Liuzzi"
25,"wurz",\N,"WUR","Alexander","Wurz","1974-02-15","Austrian","http://en.wikipedia.org/wiki/Alexander_Wurz"
26,"speed",\N,"SPE","Scott","Speed","1983-01-24","American","http://en.wikipedia.org/wiki/Scott_Speed"
27,"albers",\N,"ALB","Christijan","Albers","1979-04-16","Dutch","http://en.wikipedia.org/wiki/Christijan_Albers"
28,"markus_winkelhock",\N,"WIN","Markus","Winkelhock","1980-06-13","German","http://en.wikipedia.org/wiki/Markus_Winkelhock"
29,"yamamoto",\N,"YAM","Sakon","Yamamoto","1982-07-09","Japanese","http://en.wikipedia.org/wiki/Sakon_Yamamoto"
30,"michael_schumacher",\N,"MSC","Michael","Schumacher","1969-01-03","German","http://en.wikipedia.org/wiki/Michael_Schumacher"
31,"montoya",\N,"MON","Juan","Pablo Montoya","1975-09-20","Colombian","http://en.wikipedia.org/wiki/Juan_Pablo_Montoya"
32,"klien",\N,"KLI","Christian","Klien","1983-02-07","Austrian","http://en.wikipedia.org/wiki/Christian_Klien"
33,"monteiro",\N,"TMO","Tiago","Monteiro","1976-07-24","Portuguese","http://en.wikipedia.org/wiki/Tiago_Monteiro"
34,"ide",\N,"IDE","Yuji","Ide","1975-01-21","Japanese","http://en.wikipedia.org/wiki/Yuji_Ide"
35,"villeneuve",\N,"VIL","Jacques","Villeneuve","1971-04-09","Canadian","http://en.wikipedia.org/wiki/Jacques_Villeneuve"
36,"montagny",\N,"FMO","Franck","Montagny","1978-01-05","French","http://en.wikipedia.org/wiki/Franck_Montagny"
37,"rosa",\N,"DLR","Pedro","de la Rosa","1971-02-24","Spanish","http://en.wikipedia.org/wiki/Pedro_de_la_Rosa"
38,"doornbos",\N,"DOO","Robert","Doornbos","1981-09-23","Dutch","http://en.wikipedia.org/wiki/Robert_Doornbos"
39,"karthikeyan",\N,"KAR","Narain","Karthikeyan","1977-01-14","Indian","http://en.wikipedia.org/wiki/Narain_Karthikeyan"
40,"friesacher",\N,"FRI","Patrick","Friesacher","1980-09-26","Austrian","http://en.wikipedia.org/wiki/Patrick_Friesacher"
41,"zonta",\N,"ZON","Ricardo","Zonta","1976-03-23","Brazilian","http://en.wikipedia.org/wiki/Ricardo_Zonta"
42,"pizzonia",\N,"PIZ","Antônio","Pizzonia","1980-09-11","Brazilian","http://en.wikipedia.org/wiki/Ant%C3%B4nio_Pizzonia"
43,"matta",\N,\N,"Cristiano","da Matta","1973-09-19","Brazilian","http://en.wikipedia.org/wiki/Cristiano_da_Matta"
44,"panis",\N,\N,"Olivier","Panis","1966-09-02","French","http://en.wikipedia.org/wiki/Olivier_Panis"
45,"pantano",\N,\N,"Giorgio","Pantano","1979-02-04","Italian","http://en.wikipedia.org/wiki/Giorgio_Pantano"
46,"bruni",\N,\N,"Gianmaria","Bruni","1981-05-30","Italian","http://en.wikipedia.org/wiki/Gianmaria_Bruni"
47,"baumgartner",\N,\N,"Zsolt","Baumgartner","1981-01-01","Hungarian","http://en.wikipedia.org/wiki/Zsolt_Baumgartner"
48,"gene",\N,\N,"Marc","Gené","1974-03-29","Spanish","http://en.wikipedia.org/wiki/Marc_Gen%C3%A9"
49,"frentzen",\N,\N,"Heinz-Harald","Frentzen","1967-05-18","German","http://en.wikipedia.org/wiki/Heinz-Harald_Frentzen"
50,"verstappen",\N,\N,"Jos","Verstappen","1972-03-04","Dutch","http://en.wikipedia.org/wiki/Jos_Verstappen"
51,"wilson",\N,\N,"Justin","Wilson","1978-07-31","British","http://en.wikipedia.org/wiki/Justin_Wilson_(racing_driver)"
52,"firman",\N,\N,"Ralph","Firman","1975-05-20","Irish","http://en.wikipedia.org/wiki/Ralph_Firman"
53,"kiesa",\N,\N,"Nicolas","Kiesa","1978-03-03","Danish","http://en.wikipedia.org/wiki/Nicolas_Kiesa"
54,"burti",\N,\N,"Luciano","Burti","1975-03-05","Brazilian","http://en.wikipedia.org/wiki/Luciano_Burti"
55,"alesi",\N,\N,"Jean","Alesi","1964-06-11","French","http://en.wikipedia.org/wiki/Jean_Alesi"
56,"irvine",\N,\N,"Eddie","Irvine","1965-11-10","British","http://en.wikipedia.org/wiki/Eddie_Irvine"
57,"hakkinen",\N,\N,"Mika","Häkkinen","1968-09-28","Finnish","http://en.wikipedia.org/wiki/Mika_H%C3%A4kkinen"
58,"marques",\N,\N,"Tarso","Marques","1976-01-19","Brazilian","http://en.wikipedia.org/wiki/Tarso_Marques"
59,"bernoldi",\N,\N,"Enrique","Bernoldi","1978-10-19","Brazilian","http://en.wikipedia.org/wiki/Enrique_Bernoldi"
60,"mazzacane",\N,\N,"Gastón","Mazzacane","1975-05-08","Argentine","http://en.wikipedia.org/wiki/Gast%C3%B3n_Mazzacane"
61,"enge",\N,\N,"Tomáš","Enge","1976-09-11","Czech","http://en.wikipedia.org/wiki/Tom%C3%A1%C5%A1_Enge"
62,"yoong",\N,\N,"Alex","Yoong","1976-07-20","Malaysian","http://en.wikipedia.org/wiki/Alex_Yoong"
63,"salo",\N,\N,"Mika","Salo","1966-11-30","Finnish","http://en.wikipedia.org/wiki/Mika_Salo"
64,"diniz",\N,\N,"Pedro","Diniz","1970-05-22","Brazilian","http://en.wikipedia.org/wiki/Pedro_Diniz"
65,"herbert",\N,\N,"Johnny","Herbert","1964-06-25","British","http://en.wikipedia.org/wiki/Johnny_Herbert"
66,"mcnish",\N,\N,"Allan","McNish","1969-12-29","British","http://en.wikipedia.org/wiki/Allan_McNish"
67,"buemi",\N,"BUE","Sébastien","Buemi","1988-10-31","Swiss","http://en.wikipedia.org/wiki/S%C3%A9bastien_Buemi"
68,"takagi",\N,\N,"Toranosuke","Takagi","1974-02-12","Japanese","http://en.wikipedia.org/wiki/Toranosuke_Takagi"
69,"badoer",\N,"BAD","Luca","Badoer","1971-01-25","Italian","http://en.wikipedia.org/wiki/Luca_Badoer"
70,"zanardi",\N,\N,"Alessandro","Zanardi","1966-10-23","Italian","http://en.wikipedia.org/wiki/Alex_Zanardi"
71,"damon_hill",\N,\N,"Damon","Hill","1960-09-17","British","http://en.wikipedia.org/wiki/Damon_Hill"
72,"sarrazin",\N,\N,"Stéphane","Sarrazin","1975-11-02","French","http://en.wikipedia.org/wiki/St%C3%A9phane_Sarrazin"
153,"alguersuari",\N,"ALG","Jaime","Alguersuari","1990-03-23","Spanish","http://en.wikipedia.org/wiki/Jaime_Alguersuari"
154,"grosjean",8,"GRO","Romain","Grosjean","1986-04-17","French","http://en.wikipedia.org/wiki/Romain_Grosjean"
155,"kobayashi",10,"KOB","Kamui","Kobayashi","1986-09-13","Japanese","http://en.wikipedia.org/wiki/Kamui_Kobayashi"
842,"gasly",10,"GAS","Pierre","Gasly","1996-02-07","French","http://en.wikipedia.org/wiki/Pierre_Gasly"
807,"hulkenberg",27,"HUL","Nico","Hülkenberg","1987-08-19","German","http://en.wikipedia.org/wiki/Nico_H%C3%BClkenberg"
808,"petrov",\N,"PET","Vitaly","Petrov","1984-09-08","Russian","http://en.wikipedia.org/wiki/Vitaly_Petrov"
810,"grassi",\N,"DIG","Lucas","di Grassi","1984-08-11","Brazilian","http://en.wikipedia.org/wiki/Lucas_di_Grassi"
811,"bruno_senna",\N,"SEN","Bruno","Senna","1983-10-15","Brazilian","http://en.wikipedia.org/wiki/Bruno_Senna"
812,"chandhok",\N,"CHA","Karun","Chandhok","1984-01-19","Indian","http://en.wikipedia.org/wiki/Karun_Chandhok"
813,"maldonado",13,"MAL","Pastor","Maldonado","1985-03-09","Venezuelan","http://en.wikipedia.org/wiki/Pastor_Maldonado"
814,"resta",\N,"DIR","Paul","di Resta","1986-04-16","British","http://en.wikipedia.org/wiki/Paul_di_Resta"
815,"perez",11,"PER","Sergio","Pérez","1990-01-26","Mexican","http://en.wikipedia.org/wiki/Sergio_P%C3%A9rez"
816,"ambrosio",\N,"DAM","Jérôme","d'Ambrosio","1985-12-27","Belgian","http://en.wikipedia.org/wiki/J%C3%A9r%C3%B4me_d%27Ambrosio"
817,"ricciardo",3,"RIC","Daniel","Ricciardo","1989-07-01","Australian","http://en.wikipedia.org/wiki/Daniel_Ricciardo"
818,"vergne",25,"VER","Jean-Éric","Vergne","1990-04-25","French","http://en.wikipedia.org/wiki/Jean-%C3%89ric_Vergne"
819,"pic",\N,"PIC","Charles","Pic","1990-02-15","French","http://en.wikipedia.org/wiki/Charles_Pic"
820,"chilton",4,"CHI","Max","Chilton","1991-04-21","British","http://en.wikipedia.org/wiki/Max_Chilton"
821,"gutierrez",21,"GUT","Esteban","Gutiérrez","1991-08-05","Mexican","http://en.wikipedia.org/wiki/Esteban_Guti%C3%A9rrez"
822,"bottas",77,"BOT","Valtteri","Bottas","1989-08-28","Finnish","http://en.wikipedia.org/wiki/Valtteri_Bottas"
823,"garde",\N,"VDG","Giedo","van der Garde","1985-04-25","Dutch","http://en.wikipedia.org/wiki/Giedo_van_der_Garde"
824,"jules_bianchi",17,"BIA","Jules","Bianchi","1989-08-03","French","http://en.wikipedia.org/wiki/Jules_Bianchi"
825,"kevin_magnussen",20,"MAG","Kevin","Magnussen","1992-10-05","Danish","http://en.wikipedia.org/wiki/Kevin_Magnussen"
826,"kvyat",26,"KVY","Daniil","Kvyat","1994-04-26","Russian","http://en.wikipedia.org/wiki/Daniil_Kvyat"
827,"lotterer",45,"LOT","André","Lotterer","1981-11-19","German","http://en.wikipedia.org/wiki/Andr%C3%A9_Lotterer"
828,"ericsson",9,"ERI","Marcus","Ericsson","1990-09-02","Swedish","http://en.wikipedia.org/wiki/Marcus_Ericsson"
829,"stevens",28,"STE","Will","Stevens","1991-06-28","British","http://en.wikipedia.org/wiki/Will_Stevens"
830,"max_verstappen",33,"VER","Max","Verstappen","1997-09-30","Dutch","http://en.wikipedia.org/wiki/Max_Verstappen"
831,"nasr",12,"NAS","Felipe","Nasr","1992-08-21","Brazilian","http://en.wikipedia.org/wiki/Felipe_Nasr"
832,"sainz",55,"SAI","Carlos","Sainz","1994-09-01","Spanish","http://en.wikipedia.org/wiki/Carlos_Sainz_Jr."
833,"merhi",98,"MER","Roberto","Merhi","1991-03-22","Spanish","http://en.wikipedia.org/wiki/Roberto_Merhi"
834,"rossi",53,"RSS","Alexander","Rossi","1991-09-25","American","http://en.wikipedia.org/wiki/Alexander_Rossi_%28racing_driver%29"
835,"jolyon_palmer",30,"PAL","Jolyon","Palmer","1991-01-20","British","http://en.wikipedia.org/wiki/Jolyon_Palmer"
836,"wehrlein",94,"WEH","Pascal","Wehrlein","1994-10-18","German","http://en.wikipedia.org/wiki/Pascal_Wehrlein"
837,"haryanto",88,"HAR","Rio","Haryanto","1993-01-22","Indonesian","http://en.wikipedia.org/wiki/Rio_Haryanto"
838,"vandoorne",2,"VAN","Stoffel","Vandoorne","1992-03-26","Belgian","http://en.wikipedia.org/wiki/Stoffel_Vandoorne"
839,"ocon",31,"OCO","Esteban","Ocon","1996-09-17","French","http://en.wikipedia.org/wiki/Esteban_Ocon"
840,"stroll",18,"STR","Lance","Stroll","1998-10-29","Canadian","http://en.wikipedia.org/wiki/Lance_Stroll"
841,"giovinazzi",99,"GIO","Antonio","Giovinazzi","1993-12-14","Italian","http://en.wikipedia.org/wiki/Antonio_Giovinazzi"
843,"brendon_hartley",28,"HAR","Brendon","Hartley","1989-11-10","New Zealander","http://en.wikipedia.org/wiki/Brendon_Hartley"
844,"leclerc",16,"LEC","Charles","Leclerc","1997-10-16","Monegasque","http://en.wikipedia.org/wiki/Charles_Leclerc"
845,"sirotkin",35,"SIR","Sergey","Sirotkin","1995-08-27","Russian","http://en.wikipedia.org/wiki/Sergey_Sirotkin_(racing_driver)"
